<?xml version="1.0" encoding="UTF-8"?><idempiere Name="AD_SysConfig" Version="1.0.0" idempiereVersion="7.1.0.qualifier" DataBaseVersion="2019-11-22" Description="" Author="SuperUser" AuthorEmail="soporte@algeconsultores.com" CreatedDate="Mon May 17 16:17:01 VET 2021" UpdatedDate="Mon May 17 16:17:01 VET 2021" PackOutVersion="100" UpdateDictionary="true" Client="0-SYSTEM-System" AD_Client_UU="11237b53-9592-4af1-b3c5-afd216514b5d">
    <AD_SysConfig type="table">
        <AD_Client_ID>0</AD_Client_ID>
        <AD_Org_ID>0</AD_Org_ID>
        <IsActive>Y</IsActive>
        <Name>MFG_CreateMOMakeTo</Name>
        <Value>N</Value>
        <Description/>
        <EntityType>IVS</EntityType>
        <ConfigurationLevel>C</ConfigurationLevel>
        <AD_SysConfig_UU>8273a0bb-4094-478c-bab9-173b75887ece</AD_SysConfig_UU>
    </AD_SysConfig>
</idempiere>
