<?xml version="1.0" encoding="UTF-8"?><idempiere Name="LiberoMfg" Version="1.0.4" idempiereVersion="" DataBaseVersion="" Description="" Author="" AuthorEmail="jcolmenarez@frontuari.net" CreatedDate="2020-03-20 12:09:01.795" UpdatedDate="2020-03-20 12:09:01.795" PackOutVersion="100" UpdateDictionary="false" Client="0-SYSTEM-System" AD_Client_UU="11237b53-9592-4af1-b3c5-afd216514b5d">
    <AD_Message type="table">
        <AD_Client_ID>0</AD_Client_ID>
        <AD_Org_ID>0</AD_Org_ID>
        <MsgType>I</MsgType>
        <MsgText>Only Production</MsgText>
        <MsgTip/>
        <IsActive>Y</IsActive>
        <Value>OnlyProduction</Value>
        <EntityType>EE01</EntityType>
        <AD_Message_UU>a9f3fadd-1507-468b-b886-791aa735a47a</AD_Message_UU>
        <AD_Message_Trl type="translation">
            <MsgText>Solo produccion</MsgText>
            <MsgTip/>
            <AD_Language>es_CO</AD_Language>
            <IsActive>Y</IsActive>
            <IsTranslated>N</IsTranslated>
        </AD_Message_Trl>
    </AD_Message>
    <AD_Message type="table">
        <AD_Client_ID>0</AD_Client_ID>
        <AD_Org_ID>0</AD_Org_ID>
        <MsgType>I</MsgType>
        <MsgText>Only Issue</MsgText>
        <MsgTip/>
        <IsActive>Y</IsActive>
        <Value>OnlyIssue</Value>
        <EntityType>EE01</EntityType>
        <AD_Message_UU>9fb082e9-a901-42b8-b402-aaa989dd7393</AD_Message_UU>
        <AD_Message_Trl type="translation">
            <MsgText>Solo problema</MsgText>
            <MsgTip/>
            <AD_Language>es_CO</AD_Language>
            <IsActive>Y</IsActive>
            <IsTranslated>N</IsTranslated>
        </AD_Message_Trl>
    </AD_Message>
    <AD_Message type="table">
        <AD_Client_ID>0</AD_Client_ID>
        <AD_Org_ID>0</AD_Org_ID>
        <MsgType>I</MsgType>
        <MsgText>Only Receipt</MsgText>
        <MsgTip/>
        <IsActive>Y</IsActive>
        <Value>OnlyReceipt</Value>
        <EntityType>EE01</EntityType>
        <AD_Message_UU>b1649f4e-8731-4197-98e1-6b26961ab6fd</AD_Message_UU>
        <AD_Message_Trl type="translation">
            <MsgText>Solo recibo</MsgText>
            <MsgTip/>
            <AD_Language>es_CO</AD_Language>
            <IsActive>Y</IsActive>
            <IsTranslated>N</IsTranslated>
        </AD_Message_Trl>
    </AD_Message>
    <AD_Message type="table">
        <AD_Client_ID>0</AD_Client_ID>
        <AD_Org_ID>0</AD_Org_ID>
        <MsgType>I</MsgType>
        <MsgText>Backflush</MsgText>
        <MsgTip/>
        <IsActive>Y</IsActive>
        <Value>IsBackflush</Value>
        <EntityType>EE01</EntityType>
        <AD_Message_UU>329817d3-975e-4695-bf0d-684025791c70</AD_Message_UU>
        <AD_Message_Trl type="translation">
            <MsgText>Autolimpieza</MsgText>
            <MsgTip/>
            <AD_Language>es_CO</AD_Language>
            <IsActive>Y</IsActive>
            <IsTranslated>N</IsTranslated>
        </AD_Message_Trl>
    </AD_Message>
    <AD_Process type="table">
        <AD_Client_ID>0</AD_Client_ID>
        <AD_Org_ID>0</AD_Org_ID>
        <IsActive>Y</IsActive>
        <Name>Process Production</Name>
        <Description/>
        <Help/>
        <ProcedureName/>
        <IsReport>N</IsReport>
        <Value>prc_FTU_M_Production Process</Value>
        <IsDirectPrint>N</IsDirectPrint>
        <AD_ReportView_ID reference="id"/>
        <Classname>net.frontuari.process.ProcessFTUProduction</Classname>
        <AccessLevel>1</AccessLevel>
        <EntityType>FTU</EntityType>
        <Statistic_Count>1</Statistic_Count>
        <Statistic_Seconds>21</Statistic_Seconds>
        <AD_PrintFormat_ID reference="id"/>
        <WorkflowValue/>
        <AD_Workflow_ID reference="id"/>
        <IsBetaFunctionality>N</IsBetaFunctionality>
        <IsServerProcess>N</IsServerProcess>
        <ShowHelp>Y</ShowHelp>
        <JasperReport/>
        <AD_Form_ID reference="id"/>
        <CopyFromProcess>N</CopyFromProcess>
        <AD_Process_UU>a6ad77c2-960b-4e65-a81a-76d5a3510b03</AD_Process_UU>
        <AD_CtxHelp_ID reference="id"/>
        <ExecutionType/>
        <AllowMultipleExecution>P</AllowMultipleExecution>
        <AD_Process_Trl type="translation">
            <Help/>
            <Description/>
            <Name>Proceso Produccion</Name>
            <AD_Language>es_CO</AD_Language>
            <IsActive>Y</IsActive>
            <IsTranslated>N</IsTranslated>
        </AD_Process_Trl>
    </AD_Process>
    <AD_Menu type="table">
        <Parent_ID reference="id">53053</Parent_ID>
        <SeqNo>4</SeqNo>
        <AD_Menu_ID>53058</AD_Menu_ID>
        <AD_Client_ID>0</AD_Client_ID>
        <AD_Org_ID>0</AD_Org_ID>
        <AD_Menu_ID>53058</AD_Menu_ID>
        <Name>Print &amp; Release Order</Name>
        <Description>Once the planned orders of manufacture generated by MRP, have been aprobed, has been reached the date of liberation and has been verified that the required components are in existence, the orders are emitted to the plant for its manufacture.</Description>
        <Action>P</Action>
        <AD_Window_ID reference="id"/>
        <AD_Workflow_ID reference="id"/>
        <AD_Task_ID reference="id"/>
        <IsActive>Y</IsActive>
        <IsSummary>N</IsSummary>
        <AD_Process_ID reference="id">53034</AD_Process_ID>
        <IsSOTrx>N</IsSOTrx>
        <AD_Form_ID reference="id"/>
        <IsReadOnly>N</IsReadOnly>
        <EntityType>EE01</EntityType>
        <IsCentrallyMaintained>Y</IsCentrallyMaintained>
        <AD_Menu_UU>e4600ed5-bddb-4772-a2e5-87c16d9ecc0a</AD_Menu_UU>
        <AD_InfoWindow_ID reference="id"/>
        <AD_Menu_Trl type="translation">
            <Name>Imprimir y Liberar Orden</Name>
            <Description>Una vez que las órdenes planeadas de manufactura generadas por el MRP han sido aprobadas, se ha alcanzado la fecha de liberación y ha sido verificado que los componentes requeridos están en existencia, las órdenes son emitidas a la planta para manufactura</Description>
            <AD_Language>es_CO</AD_Language>
            <IsActive>Y</IsActive>
            <IsTranslated>Y</IsTranslated>
        </AD_Menu_Trl>
        <AD_Process type="table">
            <AD_Process_ID>53034</AD_Process_ID>
            <AD_Client_ID>0</AD_Client_ID>
            <AD_Org_ID>0</AD_Org_ID>
            <AD_Process_ID>53034</AD_Process_ID>
            <IsActive>Y</IsActive>
            <Name>Print &amp; Release Order</Name>
            <Description>Once the planned orders of manufacture generated by MRP, have been aprobed, has been reached the date of liberation and has been verified that the required components are in existence, the orders are emitted to the plant for its manufacture.</Description>
            <Help>Once the planned orders of manufacture generated by MRP, have been aprobed, has been reached the date of liberation and has been verified that the required components are in existence, the orders are emitted to the plant for its manufacture. If you wish to print the warehouse and shop floor documentation you must tick the adequate check box:

If you tick the Print Pick List check box you will get a report with the required components and quantities to help the warehouse clerk to issue the material to the shop floor. The next report is an example of this:

If you tick the Print Pack List check box you will get a report with the required components and containing the material with a Component Type of Packing and Tools recorded in the BOM Window.

Another report which is part of the Manufacturing Order Release Package is the Workflow(Routing). 

You can print this report with tick in the Print Workflow check box and it shows to the shop floor personnel the necessary steps for the manufacture of the product. 

This Report contains the place where the product should be made, the standard times, the tools and necessary devices. 

If you wish to print this report tick the check box Print Workflow.</Help>
            <ProcedureName/>
            <IsReport>N</IsReport>
            <Value>PP_Print &amp; Release Order</Value>
            <IsDirectPrint>N</IsDirectPrint>
            <AD_ReportView_ID reference="id"/>
            <Classname>org.libero.process.CompletePrintOrder</Classname>
            <AccessLevel>3</AccessLevel>
            <EntityType>EE01</EntityType>
            <Statistic_Count>245</Statistic_Count>
            <Statistic_Seconds>14703</Statistic_Seconds>
            <AD_PrintFormat_ID reference="id"/>
            <WorkflowValue/>
            <AD_Workflow_ID reference="id"/>
            <IsBetaFunctionality>Y</IsBetaFunctionality>
            <IsServerProcess>N</IsServerProcess>
            <ShowHelp>Y</ShowHelp>
            <JasperReport/>
            <AD_Form_ID reference="id"/>
            <CopyFromProcess/>
            <AD_Process_UU>070e07fd-0b4b-40ce-99b7-5cb5fe1dff07</AD_Process_UU>
            <AD_CtxHelp_ID reference="id"/>
            <ExecutionType/>
            <AllowMultipleExecution/>
            <AD_Process_Trl type="translation">
                <Help>Una vez que las órdenes planeadas de manufactura generadas por el MRP han sido aprobadas, se ha alcanzado la fecha de liberación y ha sido verificado que los componentes requeridos están en existencia, las órdenes son emitidas a la planta para su manufactura. Si desea imprimir la documentación del almacén y control de piso debe marcar la bandera adecuada:

Si chequea la bandera Imprimir Lista de Recogida obtendrá un reporte con los componentes requeridos y las cantidades para ayudar al operario de almacén a emitir los materiales al control de piso.

Si chequea la bandera Imprimir Lista de Empaque obtendrá un reporte con los componentes requeridos y conteniendo el material con un Tipo Componente de Empaque registrado en la ventana LDM.

Otro reporte que es parte de Imprimir y Liberar Orden es el de Flujo de Trabajo (Enrutamiento).

Puede imprimir este reporte chequeando la bandera de Imprimir Flujo de Trabajo y muestra al personal de control de piso los pasos necesarios para manufacturar el producto.

Este reporte contiene el lugar donde el producto debe ser hecho, los tiempos estándar, las herramientas y dispositivos necesarios.</Help>
                <Description>Una vez que las órdenes planeadas de manufactura generadas por el MRP han sido aprobadas, se ha alcanzado la fecha de liberación y ha sido verificado que los componentes requeridos están en existencia, las órdenes son emitidas a la planta para manufactura</Description>
                <Name>Imprimir y Liberar Orden</Name>
                <AD_Language>es_CO</AD_Language>
                <IsActive>Y</IsActive>
                <IsTranslated>Y</IsTranslated>
            </AD_Process_Trl>
            <AD_Process_Para type="table">
                <AD_Process_Para_ID>53067</AD_Process_Para_ID>
                <AD_Client_ID>0</AD_Client_ID>
                <AD_Org_ID>0</AD_Org_ID>
                <AD_Process_Para_ID>53067</AD_Process_Para_ID>
                <IsActive>Y</IsActive>
                <Name>Complete</Name>
                <Description>It is complete</Description>
                <Help>Indication that this is complete</Help>
                <AD_Process_ID reference="id">53034</AD_Process_ID>
                <SeqNo>50</SeqNo>
                <AD_Reference_ID reference="id">20</AD_Reference_ID>
                <AD_Reference_Value_ID reference="id"/>
                <IsRange>N</IsRange>
                <AD_Val_Rule_ID reference="id"/>
                <FieldLength>1</FieldLength>
                <IsMandatory>N</IsMandatory>
                <DefaultValue>N</DefaultValue>
                <VFormat/>
                <ValueMin/>
                <ValueMax/>
                <ColumnName>IsComplete</ColumnName>
                <DefaultValue2/>
                <IsCentrallyMaintained>Y</IsCentrallyMaintained>
                <EntityType>EE01</EntityType>
                <AD_Element_ID reference="id">2047</AD_Element_ID>
                <ReadOnlyLogic/>
                <DisplayLogic/>
                <AD_Process_Para_UU>58d6804b-4272-48a8-8b84-9cbfb8a2f86f</AD_Process_Para_UU>
                <IsEncrypted>N</IsEncrypted>
                <MandatoryLogic/>
                <Placeholder/>
                <Placeholder2/>
                <AD_Process_Para_Trl type="translation">
                    <Help>Indica que esta completo.</Help>
                    <Name>Completo</Name>
                    <Description>Esta completo</Description>
                    <Placeholder/>
                    <Placeholder2/>
                    <AD_Language>es_CO</AD_Language>
                    <IsActive>Y</IsActive>
                    <IsTranslated>Y</IsTranslated>
                </AD_Process_Para_Trl>
            </AD_Process_Para>
            <AD_Process_Para type="table">
                <AD_Process_Para_ID>53068</AD_Process_Para_ID>
                <AD_Client_ID>0</AD_Client_ID>
                <AD_Org_ID>0</AD_Org_ID>
                <AD_Process_Para_ID>53068</AD_Process_Para_ID>
                <IsActive>Y</IsActive>
                <Name>Is Print Pick List</Name>
                <Description/>
                <Help/>
                <AD_Process_ID reference="id">53034</AD_Process_ID>
                <SeqNo>20</SeqNo>
                <AD_Reference_ID reference="id">20</AD_Reference_ID>
                <AD_Reference_Value_ID reference="id"/>
                <IsRange>N</IsRange>
                <AD_Val_Rule_ID reference="id"/>
                <FieldLength>1</FieldLength>
                <IsMandatory>N</IsMandatory>
                <DefaultValue/>
                <VFormat/>
                <ValueMin/>
                <ValueMax/>
                <ColumnName>IsPrintPickList</ColumnName>
                <DefaultValue2/>
                <IsCentrallyMaintained>N</IsCentrallyMaintained>
                <EntityType>EE01</EntityType>
                <AD_Element_ID reference="id"/>
                <ReadOnlyLogic/>
                <DisplayLogic/>
                <AD_Process_Para_UU>9f4377b8-6dab-4389-8581-0e43818a2aee</AD_Process_Para_UU>
                <IsEncrypted>N</IsEncrypted>
                <MandatoryLogic/>
                <Placeholder/>
                <Placeholder2/>
                <AD_Process_Para_Trl type="translation">
                    <Help/>
                    <Name>Imprime Lista de Recogida</Name>
                    <Description/>
                    <Placeholder/>
                    <Placeholder2/>
                    <AD_Language>es_CO</AD_Language>
                    <IsActive>Y</IsActive>
                    <IsTranslated>Y</IsTranslated>
                </AD_Process_Para_Trl>
            </AD_Process_Para>
            <AD_Process_Para type="table">
                <AD_Process_Para_ID>53069</AD_Process_Para_ID>
                <AD_Client_ID>0</AD_Client_ID>
                <AD_Org_ID>0</AD_Org_ID>
                <AD_Process_Para_ID>53069</AD_Process_Para_ID>
                <IsActive>Y</IsActive>
                <Name>Is Print Workflow</Name>
                <Description/>
                <Help/>
                <AD_Process_ID reference="id">53034</AD_Process_ID>
                <SeqNo>30</SeqNo>
                <AD_Reference_ID reference="id">20</AD_Reference_ID>
                <AD_Reference_Value_ID reference="id"/>
                <IsRange>N</IsRange>
                <AD_Val_Rule_ID reference="id"/>
                <FieldLength>1</FieldLength>
                <IsMandatory>N</IsMandatory>
                <DefaultValue>N</DefaultValue>
                <VFormat/>
                <ValueMin/>
                <ValueMax/>
                <ColumnName>IsPrintWorkflow</ColumnName>
                <DefaultValue2/>
                <IsCentrallyMaintained>N</IsCentrallyMaintained>
                <EntityType>EE01</EntityType>
                <AD_Element_ID reference="id"/>
                <ReadOnlyLogic/>
                <DisplayLogic/>
                <AD_Process_Para_UU>a8e89ab3-3add-4788-b3d4-ba33ff966553</AD_Process_Para_UU>
                <IsEncrypted>N</IsEncrypted>
                <MandatoryLogic/>
                <Placeholder/>
                <Placeholder2/>
                <AD_Process_Para_Trl type="translation">
                    <Help/>
                    <Name>Imprime Flujo Trabajo</Name>
                    <Description/>
                    <Placeholder/>
                    <Placeholder2/>
                    <AD_Language>es_CO</AD_Language>
                    <IsActive>Y</IsActive>
                    <IsTranslated>Y</IsTranslated>
                </AD_Process_Para_Trl>
            </AD_Process_Para>
            <AD_Process_Para type="table">
                <AD_Process_Para_ID>53066</AD_Process_Para_ID>
                <AD_Client_ID>0</AD_Client_ID>
                <AD_Org_ID>0</AD_Org_ID>
                <AD_Process_Para_ID>53066</AD_Process_Para_ID>
                <IsActive>Y</IsActive>
                <Name>Is Print Pack &amp; Tools List</Name>
                <Description/>
                <Help/>
                <AD_Process_ID reference="id">53034</AD_Process_ID>
                <SeqNo>40</SeqNo>
                <AD_Reference_ID reference="id">20</AD_Reference_ID>
                <AD_Reference_Value_ID reference="id"/>
                <IsRange>N</IsRange>
                <AD_Val_Rule_ID reference="id"/>
                <FieldLength>1</FieldLength>
                <IsMandatory>N</IsMandatory>
                <DefaultValue>N</DefaultValue>
                <VFormat/>
                <ValueMin/>
                <ValueMax/>
                <ColumnName>IsPrintPackingList</ColumnName>
                <DefaultValue2/>
                <IsCentrallyMaintained>N</IsCentrallyMaintained>
                <EntityType>EE01</EntityType>
                <AD_Element_ID reference="id"/>
                <ReadOnlyLogic/>
                <DisplayLogic/>
                <AD_Process_Para_UU>162009d7-344b-4d52-84e1-b8994766ae54</AD_Process_Para_UU>
                <IsEncrypted>N</IsEncrypted>
                <MandatoryLogic/>
                <Placeholder/>
                <Placeholder2/>
                <AD_Process_Para_Trl type="translation">
                    <Help/>
                    <Name>Imprime Lista de Empaques y Herramientas</Name>
                    <Description/>
                    <Placeholder/>
                    <Placeholder2/>
                    <AD_Language>es_CO</AD_Language>
                    <IsActive>Y</IsActive>
                    <IsTranslated>Y</IsTranslated>
                </AD_Process_Para_Trl>
            </AD_Process_Para>
            <AD_Val_Rule type="table">
                <AD_Client_ID>0</AD_Client_ID>
                <AD_Org_ID>0</AD_Org_ID>
                <Name>PP_Order Procesed</Name>
                <Description/>
                <Type>S</Type>
                <Code>PP_Order.DocStatus='IP'</Code>
                <IsActive>Y</IsActive>
                <EntityType>FTU</EntityType>
                <AD_Val_Rule_UU>67c6a74e-459d-426a-8ae8-fb71a4a2f79d</AD_Val_Rule_UU>
            </AD_Val_Rule>
            <AD_Element type="table">
                <AD_Element_ID>53276</AD_Element_ID>
                <AD_Client_ID>0</AD_Client_ID>
                <AD_Org_ID>0</AD_Org_ID>
                <AD_Element_ID>53276</AD_Element_ID>
                <IsActive>Y</IsActive>
                <ColumnName>PP_Order_ID</ColumnName>
                <Name>Manufacturing Order</Name>
                <Description>Manufacturing Order</Description>
                <Help/>
                <PrintName>Manufacturing Order</PrintName>
                <PO_Description/>
                <PO_Help/>
                <PO_Name/>
                <PO_PrintName/>
                <EntityType>EE01</EntityType>
                <AD_Element_UU>f6021da4-dc53-4216-a28c-a9d7ed1db16d</AD_Element_UU>
                <Placeholder/>
                <AD_Element_Trl type="translation">
                    <Help/>
                    <PO_Description/>
                    <PO_Help/>
                    <Name>Orden Manufactura</Name>
                    <Description/>
                    <PrintName>Orden Manufactura</PrintName>
                    <PO_Name/>
                    <PO_PrintName/>
                    <Placeholder/>
                    <AD_Language>es_CO</AD_Language>
                    <IsActive>Y</IsActive>
                    <IsTranslated>Y</IsTranslated>
                </AD_Element_Trl>
            </AD_Element>
            <AD_Process_Para type="table">
                <AD_Process_Para_ID>53070</AD_Process_Para_ID>
                <AD_Client_ID>0</AD_Client_ID>
                <AD_Org_ID>0</AD_Org_ID>
                <AD_Process_Para_ID>53070</AD_Process_Para_ID>
                <IsActive>Y</IsActive>
                <Name>Manufacturing Order</Name>
                <Description>Manufacturing Order</Description>
                <Help/>
                <AD_Process_ID reference="id">53034</AD_Process_ID>
                <SeqNo>10</SeqNo>
                <AD_Reference_ID reference="id">30</AD_Reference_ID>
                <AD_Reference_Value_ID reference="id"/>
                <IsRange>N</IsRange>
                <AD_Val_Rule_ID reference="uuid" reference-key="AD_Val_Rule">67c6a74e-459d-426a-8ae8-fb71a4a2f79d</AD_Val_Rule_ID>
                <FieldLength>40</FieldLength>
                <IsMandatory>Y</IsMandatory>
                <DefaultValue/>
                <VFormat/>
                <ValueMin/>
                <ValueMax/>
                <ColumnName>PP_Order_ID</ColumnName>
                <DefaultValue2/>
                <IsCentrallyMaintained>Y</IsCentrallyMaintained>
                <EntityType>EE01</EntityType>
                <AD_Element_ID reference="id">53276</AD_Element_ID>
                <ReadOnlyLogic/>
                <DisplayLogic/>
                <AD_Process_Para_UU>fdd438a8-8f1f-48c0-ad0c-ca8bcec5b51e</AD_Process_Para_UU>
                <IsEncrypted>N</IsEncrypted>
                <MandatoryLogic/>
                <Placeholder/>
                <Placeholder2/>
                <AD_Process_Para_Trl type="translation">
                    <Help/>
                    <Name>Orden Manufactura</Name>
                    <Description/>
                    <Placeholder/>
                    <Placeholder2/>
                    <AD_Language>es_CO</AD_Language>
                    <IsActive>Y</IsActive>
                    <IsTranslated>Y</IsTranslated>
                </AD_Process_Para_Trl>
            </AD_Process_Para>
        </AD_Process>
    </AD_Menu>
    <SQLStatement type="custom">
        <DBType>Postgres</DBType>
        <statement>
            <![CDATA[CREATE OR REPLACE VIEW adempiere.rv_pp_order_storage
AS SELECT obl.ad_client_id,
    obl.ad_org_id,
    obl.createdby,
    obl.updatedby,
    obl.updated,
    obl.created,
    obl.isactive,
    obl.pp_order_bom_id,
    obl.pp_order_bomline_id,
    obl.pp_order_id,
    obl.iscritical,
    obl.m_product_id,
    ( SELECT p.name
           FROM m_product p
          WHERE p.m_product_id = o.m_product_id) AS name,
    obl.c_uom_id,
    s.qtyonhand,
    round(obl.qtyrequired, 4) AS qtyrequired,
        CASE
            WHEN o.qtybatchs = 0::numeric THEN 1::numeric
            ELSE round(obl.qtyrequired / o.qtybatchs, 4)
        END AS qtybatchsize,
    round(bomqtyreserved(obl.m_product_id, obl.m_warehouse_id, 0::numeric), 4) AS qtyreserved,
    round(bomqtyavailable(obl.m_product_id, obl.m_warehouse_id, 0::numeric), 4) AS qtyavailable,
    obl.m_warehouse_id,
    obl.qtybom,
    obl.isqtypercentage,
    round(obl.qtybatch, 4) AS qtybatch,
    obl.m_attributesetinstance_id,
    l.m_locator_id,
    l.x,
    l.y,
    l.z
   FROM pp_order_bomline obl
     JOIN pp_order o ON o.pp_order_id = obl.pp_order_id
     LEFT JOIN (select m_product_id,m_locator_id, sum(qtyonhand) as qtyonhand 
     	from m_storage 
     	group by m_product_id,m_locator_id) s ON s.m_product_id = obl.m_product_id AND s.qtyonhand <> 0::numeric AND COALESCE(obl.m_warehousesource_id, obl.m_warehouse_id) = (( SELECT ld.m_warehouse_id
           FROM m_locator ld
          WHERE s.m_locator_id = ld.m_locator_id))
     LEFT JOIN m_locator l ON l.m_locator_id = s.m_locator_id
  ORDER BY obl.m_product_id;]]>
        </statement>
    </SQLStatement>
    <SQLStatement type="custom">
        <DBType>Postgres</DBType>
        <statement>
            <![CDATA[UPDATE AD_Column SET AD_Process_ID = (SELECT AD_Process_ID FROM AD_Process WHERE AD_Process_UU='a6ad77c2-960b-4e65-a81a-76d5a3510b03') WHERE AD_Column_ID = 210983;]]>
        </statement>
    </SQLStatement>
</idempiere>
